score_method,threshold,roc_auc,average_precision,accuracy,precision,recall,f1_score,true_negative,false_positive,false_negative,true_positive
mean_mse,0.0007424172945320606,0.676984126984127,0.8899500809954235,0.6265060240963856,0.8478260869565217,0.6190476190476191,0.7155963302752294,13,7,24,39
percentile_95,0.002932314295321703,0.5222222222222223,0.8126529345445528,0.4819277108433735,0.7777777777777778,0.4444444444444444,0.5656565656565656,12,8,35,28
top_1_percent,0.02112092822790146,0.7722222222222223,0.9298017515076591,0.6144578313253012,0.9696969696969697,0.5079365079365079,0.6666666666666666,19,1,31,32
