score_method,threshold,roc_auc,average_precision,accuracy,precision,recall,f1_score,true_negative,false_positive,false_negative,true_positive
feature_mean,0.23848378658294678,0.9357142857142857,0.9808000392168421,0.8433734939759037,0.890625,0.9047619047619048,0.8976377952755905,13,7,6,57
feature_max,0.8409605622291565,0.9992063492063492,0.999751984126984,0.9759036144578314,1.0,0.9682539682539683,0.9838709677419355,20,0,2,61
feature_top_1_percent,0.7190231680870056,0.9992063492063492,0.999751984126984,0.9759036144578314,0.9692307692307692,1.0,0.984375,18,2,0,63
