{
    "category": "pill",
    "backbone": "ResNet-18",
    "feature_layer": "layer2",
    "image_size": 256,
    "feature_map_size": [
        32,
        32
    ],
    "feature_dimensions": 128,
    "memory_bank_size": 10000,
    "image_score_method": "feature_top_1_percent",
    "image_score_threshold": 0.7742655634880066,
    "pixel_threshold": 0.6964455842971802,
    "pixel_threshold_percentile": 99.5,
    "postprocessing": {
        "enabled": true,
        "minimum_component_area": 64,
        "opening_kernel_size": 3,
        "closing_kernel_size": 5
    },
    "final_image_metrics": {
        "roc_auc": 0.9421713038734316,
        "average_precision": 0.9897764871602179,
        "accuracy": 0.8083832335329342,
        "precision": 0.990990990990991,
        "recall": 0.7801418439716312,
        "f1_score": 0.873015873015873
    },
    "final_pixel_metrics": {
        "pixel_roc_auc": 0.9220903682564892,
        "pixel_average_precision": 0.4969941368292061,
        "defective_pixel_fraction": 0.03356814812757298
    }
}