{
    "category": "cable",
    "backbone": "ResNet-18",
    "feature_layer": "layer2",
    "image_size": 256,
    "feature_map_size": [
        32,
        32
    ],
    "feature_dimensions": 128,
    "memory_bank_size": 10000,
    "image_score_method": "feature_top_1_percent",
    "image_score_threshold": 0.8156431227922439,
    "pixel_threshold": 0.7518576383590698,
    "pixel_threshold_percentile": 99.5,
    "postprocessing": {
        "enabled": true,
        "minimum_component_area": 64,
        "opening_kernel_size": 3,
        "closing_kernel_size": 5
    },
    "final_image_metrics": {
        "roc_auc": 0.931409295352324,
        "average_precision": 0.9625900975336278,
        "accuracy": 0.84,
        "precision": 0.9594594594594594,
        "recall": 0.7717391304347826,
        "f1_score": 0.8554216867469879
    },
    "final_pixel_metrics": {
        "pixel_roc_auc": 0.8849812533154148,
        "pixel_average_precision": 0.3994141317142299,
        "defective_pixel_fraction": 0.028711649576822918
    }
}