{
    "category": "metal_nut",
    "backbone": "ResNet-18",
    "feature_layer": "layer2",
    "image_size": 256,
    "feature_map_size": [
        32,
        32
    ],
    "feature_dimensions": 128,
    "memory_bank_size": 10000,
    "image_score_method": "feature_top_1_percent",
    "image_score_threshold": 0.8221074998378753,
    "pixel_threshold": 0.7640122771263123,
    "pixel_threshold_percentile": 99.5,
    "postprocessing": {
        "enabled": true,
        "minimum_component_area": 64,
        "opening_kernel_size": 3,
        "closing_kernel_size": 5
    },
    "final_image_metrics": {
        "roc_auc": 0.9628543499511242,
        "average_precision": 0.9916732954422252,
        "accuracy": 0.8782608695652174,
        "precision": 0.9876543209876543,
        "recall": 0.8602150537634409,
        "f1_score": 0.9195402298850575
    },
    "final_pixel_metrics": {
        "pixel_roc_auc": 0.9036099683686982,
        "pixel_average_precision": 0.5615050180085648,
        "defective_pixel_fraction": 0.11716414741847826
    }
}