{
    "category": "grid",
    "backbone": "ResNet-18",
    "feature_layer": "layer2",
    "image_size": 256,
    "feature_map_size": [
        32,
        32
    ],
    "feature_dimensions": 128,
    "memory_bank_size": 10000,
    "image_score_method": "feature_top_1_percent",
    "image_score_threshold": 0.6208982229232788,
    "pixel_threshold": 0.5506677031517029,
    "pixel_threshold_percentile": 99.5,
    "postprocessing": {
        "enabled": true,
        "minimum_component_area": 64,
        "opening_kernel_size": 3,
        "closing_kernel_size": 5
    },
    "final_image_metrics": {
        "roc_auc": 0.9482038429406849,
        "average_precision": 0.9831067074843238,
        "accuracy": 0.9230769230769231,
        "precision": 0.9636363636363636,
        "recall": 0.9298245614035088,
        "f1_score": 0.9464285714285714
    },
    "final_pixel_metrics": {
        "pixel_roc_auc": 0.9777068804599506,
        "pixel_average_precision": 0.4316032904133846,
        "defective_pixel_fraction": 0.006913209572816506
    }
}