{
    "category": "capsule",
    "backbone": "ResNet-18",
    "feature_layer": "layer2",
    "image_size": 256,
    "feature_map_size": [
        32,
        32
    ],
    "feature_dimensions": 128,
    "memory_bank_size": 10000,
    "image_score_method": "feature_top_1_percent",
    "image_score_threshold": 0.6895909905433655,
    "pixel_threshold": 0.5772994756698608,
    "pixel_threshold_percentile": 99.5,
    "postprocessing": {
        "enabled": true,
        "minimum_component_area": 64,
        "opening_kernel_size": 3,
        "closing_kernel_size": 5
    },
    "final_image_metrics": {
        "roc_auc": 0.8974870362983646,
        "average_precision": 0.97629593165156,
        "accuracy": 0.7575757575757576,
        "precision": 0.9529411764705882,
        "recall": 0.7431192660550459,
        "f1_score": 0.8350515463917526
    },
    "final_pixel_metrics": {
        "pixel_roc_auc": 0.9644022057123485,
        "pixel_average_precision": 0.34287796606692783,
        "defective_pixel_fraction": 0.00915203672466856
    }
}