{
    "category": "screw",
    "backbone": "ResNet-18",
    "feature_layer": "layer2",
    "image_size": 256,
    "feature_map_size": [
        32,
        32
    ],
    "feature_dimensions": 128,
    "memory_bank_size": 10000,
    "image_score_method": "feature_top_1_percent",
    "image_score_threshold": 0.8123090982437133,
    "pixel_threshold": 0.7242816090583801,
    "pixel_threshold_percentile": 99.5,
    "postprocessing": {
        "enabled": true,
        "minimum_component_area": 64,
        "opening_kernel_size": 3,
        "closing_kernel_size": 5
    },
    "final_image_metrics": {
        "roc_auc": 0.5802418528386964,
        "average_precision": 0.7983464886791591,
        "accuracy": 0.31875,
        "precision": 0.8571428571428571,
        "recall": 0.10084033613445378,
        "f1_score": 0.18045112781954886
    },
    "final_pixel_metrics": {
        "pixel_roc_auc": 0.9726653619115816,
        "pixel_average_precision": 0.09956975621373174,
        "defective_pixel_fraction": 0.002493762969970703
    }
}