{
    "category": "toothbrush",
    "backbone": "ResNet-18",
    "feature_layer": "layer2",
    "image_size": 256,
    "feature_map_size": [
        32,
        32
    ],
    "feature_dimensions": 128,
    "memory_bank_size": 10000,
    "image_score_method": "feature_top_1_percent",
    "image_score_threshold": 0.7517013490200043,
    "pixel_threshold": 0.6866161823272705,
    "pixel_threshold_percentile": 99.5,
    "postprocessing": {
        "enabled": true,
        "minimum_component_area": 64,
        "opening_kernel_size": 3,
        "closing_kernel_size": 5
    },
    "final_image_metrics": {
        "roc_auc": 0.9694444444444444,
        "average_precision": 0.9875565084059708,
        "accuracy": 0.8809523809523809,
        "precision": 0.8571428571428571,
        "recall": 1.0,
        "f1_score": 0.9230769230769231
    },
    "final_pixel_metrics": {
        "pixel_roc_auc": 0.9866839755149773,
        "pixel_average_precision": 0.4773749950724236,
        "defective_pixel_fraction": 0.015284583682105654
    }
}